"type_maison","commodites","localite","loyer","telephone","date_publication"
"chambre salon","cour commune, cuisine, douche","tanghin","50000","71 32 43 99","2023-12-12"
"chambre salon","carrele, cuisine, douche, garage, ventile, vitre","sakoula","125000","78 42 75 00","2023-12-12"
"chambre salon","cuisine, douche, plafonne, ventile, vitre","tanghin","30000","79 31 67 00","2023-12-12"
"chambre salon","cour commune, cuisine, douche","tanghin","30000","71 32 43 99","2023-12-12"
"villa","cuisine, douche","tanghin","80000","","2023-12-11"
"villa","ventilé, Carrellé","zone une","22600","55 45 75 49","2023-12-11"
"chambre salon","plafonne","tanghin","25000","79 31 67 00","2023-12-11"
"chambre salon","douche, douche interne, plafonne","tanghin","30000","55 77 25 64","2023-12-11"
"villa","3 chambres, carrele, chauffe eau, climatise, cuisine, douche, placards, plafonne, ventile, vitre","koulouba","325000","52 25 18 65","2023-12-11"
"chambre salon","cuisine, douche","balkuy","500000","52 54 00 48","2023-12-11"
"villa","douche, douche interne, placard, ventile, vitre","kossodo","33000","70 63 16 24","2023-12-11"
"chambre salon","auvent, carrele, courcommune, cuisine, douche, plafonne, ventile, vitre","tampouy","35000","69 01 07 75","2023-12-11"
"chambre salon","auvent, carrele, courcommune, cuisine, douche, plafonne, ventile, vitre","kamboincé","35000","69 01 07 75","2023-12-11"
"villa","ventilé, Carrellé","toeghin","200000","74 96 49 51","2023-12-11"
"chambre salon","cuisine, douche, plafonne, ventile","tanghin","32500","79 31 67 00","2023-12-11"
"chambre salon","cuisine, douche, placard, plafonne, ventile","tanghin","40000","79 31 67 00","2023-12-11"
"chambre salon","auvent, carrele, courcommune, cuisine, douche, plafonne, ventile, vitre","kamboincé","40000","69 01 07 75","2023-12-11"
"chambre salon","auvent, carrele, climatisee, courcommune, cuisine, douche, plafonne, ventile, vitre","rimkiéta","50000","69 01 07 75","2023-12-11"
"villa","cuisine, douche, garage","sakoula","125000","62 14 23 58","2023-12-11"
"chambre salon","carrele, courcommune, douche interne, plafonne, ventile","kilwin","25000","69 01 07 75","2023-12-11"
"mini villa","cuisine, douche","tanghin","60000","71 32 43 99","2023-12-11"
"chambre salon","carrelee, cour unique, cuisine, douche, plafonnee, ventilee","tampouy","85000","70 36 73 03","2023-12-11"
"chambre salon","cour commune, cuisine, douche, plafonne, ventile, vitre","rayongo","35000","69 85 85 59","2023-12-11"
"chambre salon","cuisine, douche","nagrin","60000","74 05 32 53","2023-12-11"
"chambre salon","carrelee, cour unique, cuisine, douche, plafonnee, ventilee","tampouy","85000","70 36 73 03","2023-12-11"
"chambre salon","cour commune, cuisine, douche","tanghin","35000","62 84 18 39","2023-12-08"
"chambre salon","auvent, carrele, courcommune, cuisine, douche, plafonne, ventile, vitre","tanghin","30000","69 01 07 75","2023-12-11"
"chambre salon","auvent, carrele, courcommune, cuisine, douche, plafonne, ventile, vitre","tanghin","50000","69 01 07 75","2023-12-11"
"chambre salon","cuisine, douche, plafonne, ventile, vitre","tanghin","80000","79 31 67 00","2023-12-11"
"chambre salon","cuisine, douche, plafonne, ventile, vitre","tanghin","80000","79 31 67 00","2023-12-11"
"chambre salon","cuisine, douche, plafonne, ventile","kamsonghin","75000","79 31 67 00","2023-12-11"
"chambre salon","cuisine, douche","tanghin","80000","74 92 19 26","2023-12-11"
"chambre salon","douche, plafonne, ventile","sakoula","40000","79 31 67 00","2023-12-11"
"chambre salon","carrele","gandin","25000","66 92 73 75","2023-12-11"
"chambre salon","carrele, courcommune, douche interne, plafonne, ventile","kilwin","25000","69 01 07 75","2023-12-11"
"chambre salon","douche, plafonne, ventile","sakoula","30000","79 31 67 00","2023-12-11"
"chambre salon","carrele, cuisine, plafonne, ventilee, vitre","sakoula","40000","76 62 04 10","2023-12-11"
"chambre salon","carrele, courunique, cuisine, douche, garage, plafonne, ventile, vitre","kamboincé","40000","69 01 07 75","2023-12-11"
"chambre salon","cour unique, cuisine, douche","tanghin","50000","71 32 43 99","2023-12-10"
"chambre salon","cour commune, cuisine, douche, plafonne, ventile, vitre","rayongo","35000","64 64 52 20","2023-12-10"
"mini villa","2 chambres, cuisine, douche","garghin","70000","74 05 32 53","2023-12-10"
"chambre salon","cour commune, cuisine, douche","tanghin","30000","71 32 43 99","2023-12-10"
"villa","ventilé, Carrellé","sakoula","22600","55 45 75 49","2023-12-10"
"mini villa","auvent, carrele, courunique, cuisine, douche, garage, plafonne, ventile, vitre","kamboincé","60000","69 01 07 75","2023-12-10"
"chambre salon","climatise, douche, garage, placard","kouritenga","740532","74 05 32 53","2023-12-10"
"mini villa","auvent, carrele, chauffe eau, climatisee, courunique, cuisine, douche, garage, plafonne, ventile, vitre","godin","150000","69 01 07 75","2023-12-10"
"chambre salon","auvent, carrele, courcommune, cuisine, douche, plafonne, ventile, vitre","yagma","60000","69 01 07 75","2023-12-10"
"mini villa","auvent, carrele, courunique, cuisine, douche, garage, plafonne, ventile, vitre","tanghin","75000","69 01 07 75","2023-12-10"
"mini villa","2 chambres, cuisine, douche","garghin","70000","74 05 32 53","2023-12-10"
"chambre salon","auvent, carrele, courcommune, cuisine, douche, plafonne, ventile, vitre","tanghin","40000","69 01 07 75","2023-12-10"
"chambre salon","carrele, cuisine, douche, garage, ventile, vitre","sakoula","125000","78 42 75 00","2023-12-10"
"chambre salon","cuisine, douche, placard","nagrin","800000","","2023-12-10"
"chambre salon","carrelee, cour commune, cuisine, douche, plafonnee, ventilee","marcoussis","30000","70 36 73 03","2023-12-10"
"mini villa","2 chambres, cour commune, cuisine, douche","cité azimo","75000","74 05 32 53","2023-12-10"
"chambre salon","cour commune, cuisine, douche, plafonne, ventile, vitre","kamboincé","40000","07 44 69 24","2023-12-09"
"chambre salon","auvent, carrele, courcommune, cuisine, douche, plafonne, ventile, vitre","pissy","60000","69 01 07 75","2023-12-10"
"mini villa","2 chambres, cour commune, cuisine, douche","cité azimo","75000","74 05 32 53","2023-12-10"
"chambre salon","cuisine, douche, plafonne, ventile, vitre","rayongo","32500","64 64 52 20","2023-12-09"
"villa","5 chambres, climatise, cuisine, douche, jardin, placards","cité azimo","74053","74 05 32 53","2023-12-09"
"mini villa","cuisine, douche","nagrin","60000","74 05 32 53","2023-12-09"
"chambre salon","cour commune, cuisine, douche, plafonne, ventile, vitre","rayongo","35000","64 64 52 20","2023-12-09"
"villa","2 chambres, carrelee, cuisine, douche, plafonnee, ventilee, vitree","tampouy","300000","70 36 73 03","2023-12-09"
"chambre salon","ventilé, Carrellé","rimkiéta","100000","","2023-12-09"
"villa","03 chambres, carrele, cuisine, douche, garage, plafonne, ventile, vitre","kamsonghin","15000","69 85 85 59","2023-12-09"
"chambre salon","cour commune, cuisine, douche, plafonne","kamboincé","50000","62 88 38 82","2023-12-09"
"chambre salon","cour unique, cuisine, douche, garage, placard","sakoula","35000","74 05 32 53","2023-12-09"
"chambre salon","carrele, douche, ventile, vitre","bonheur-ville","35000","66 92 73 75","2023-12-09"
"chambre salon","cour commune, cuisine, douche, plafonne, ventile, vitre","rayongo","35000","64 64 52 20","2023-12-09"
"chambre salon","carrele, chauffe eau, cour commune, cuisine, douche, ventile, vitre","pissy","20000","74 05 32 53","2023-12-09"
"chambre salon","carrele, chauffe eau, cour commune, cuisine, douche, ventile, vitre","pissy","20000","74 05 32 53","2023-12-09"
"mini villa","auvent, carrele, courunique, cuisine, douche, garage, plafonne, ventile, vitre","tanghin","70000","69 01 07 75","2023-12-09"
"chambre salon","cuisine, douche","bonheur-ville","35000","74 05 32 53","2023-12-09"
"chambre salon","cour unique, garage, plafonne, ventile, vitre","sambin barrage","500000","79 03 04 58","2023-12-09"
"chambre salon","cour unique, douche","tanghin","40000","71 32 43 99","2023-12-09"
"mini villa","cuisine, douche, garage, placards","cité azimo","100000","64 64 52 20","2023-12-09"
"chambre salon","carrele, cuisine, douche, ventile, vitre","bonheur-ville","40000","66 92 73 75","2023-12-09"
"maison","3 chambres, carrele, cuisine, douche, garage, plafonne, ventile, vitre","pissy","150000","74 05 32 53","2023-12-08"
"mini villa","2 chambres, cuisine, douche","garghin","75000","74 05 32 53","2023-12-08"
"mini villa","cuisine, douche","tanghin","80000","71 32 43 99","2023-12-08"
"chambre salon","cour commune, cuisine, douche, plafonne, ventile","rayongo","35000","64 64 52 20","2023-12-08"
"chambre salon","carrelee, cour unique, cuisine, douche, garage, ventilee, vitree","rimkiéta","100000","76 95 75 40","2023-12-08"
"villa","3 chambres, climatisee, cuisine, garage, jardin","cité azimo","500000","70 36 73 03","2023-12-08"
"chambre salon","auvent, carrele, courcommune, cuisine, douche, plafonne, ventile, vitre","tanghin","50000","69 01 07 75","2023-12-08"
"mini villa","douche interne","sakoula","150000","70 50 08 24","2023-12-08"
"chambre salon","cuisine, douche, garage, plafonne, ventile","tanghin","80000","79 31 67 00","2023-12-08"
"mini villa","2 chambres, cuisine, douche","garghin","75000","74 05 32 53","2023-12-08"
"villa","4 chambres, carrelee, cuisine, douche, plafonnee, ventilee, vitree","kamboincé","470000","70 36 73 03","2023-12-07"
"chambre salon","carrele, cuisine, douche, ventile, vitre","bonheur-ville","35000","66 92 73 75","2023-12-07"
"mini villa","cuisine, douche, garage, placards","cité azimo","100000","69 85 85 59","2023-12-07"
"chambre salon","auvent, carrele, courcommune, cuisine, douche, plafonne, ventile, vitre","pissy","60000","69 01 07 75","2023-12-07"
"chambre salon","auvent, carrele, courunique, cuisine, douche, garage, plafonne, ventile, vitre","sakoula","50000","69 01 07 75","2023-12-07"
"chambre salon","cuisine, douche, plafonne","tanghin","35000","79 31 67 00","2023-12-07"
"chambre salon","cour commune, cuisine, douche, plafonne, vitre","rayongo","40000","64 64 52 20","2023-12-07"
"chambre salon","ventilé, Carrellé","sakoula","40000","62 84 18 39","2023-12-07"
"villa","ventilé, Carrellé","goughin sud","40000","66 92 73 75","2023-12-07"
"mini villa","auvent, carrele, courunique, cuisine, douche, garage, plafonne, ventile, vitre","cité azimo","75000","69 01 07 75","2023-12-07"
"chambre salon","carrele, courunique, douche, plafonne, vitre","bonheur-ville","40000","69 01 07 75","2023-12-07"
"villa","ventilé, Carrellé","rotonde","100000","79 31 67 00","2023-12-07"
"villa","ventilé, Carrellé","toeghin","15000","66 92 73 75","2023-12-07"
"chambre salon","carrele, cuisine, douche, garage, ventile, vitre","sakoula","125000","78 42 75 00","2023-12-07"
"villa","ventilé, Carrellé","tanghin","30000","79 31 67 00","2023-12-07"
"villa","2 chambres, chauffe eau, climatisee, cuisine, douche, garage, placard","djikof","100000","66 13 44 60","2023-12-07"
"villa","ventilé, Carrellé","kamboincé","60000","70 36 73 03","2023-12-07"
"chambre salon","auvent, carrele, courcommune, cuisine, douche, plafonne, ventile, vitre","noncin","40000","69 01 07 75","2023-12-06"
"chambre salon","carrele, courcommune, douche, plafonne, ventile, vitre","tanghin","35000","69 01 07 75","2023-12-06"
"chambre salon","auvent, carrele, courcommune, douche, plafonne, ventile, vitre","rimkiéta","35000","69 01 07 75","2023-12-06"
"chambre salon","carrele, courcommune, douche interne, plafonne, ventile, vitre","tanghin","35000","69 01 07 75","2023-12-06"
"villa","03 chambres, climatise, cour unique, cuisine, douche, garage, placard, ventile, vitre","cité azimo","25000","74 05 32 53","2023-12-06"
"chambre salon","douche, plafonne, ventile, vitre","rayongo","30000","64 64 52 20","2023-12-06"
"chambre salon","cour commune, douche","tampouy","100000","74 92 19 26","2023-12-06"
"chambre salon","carrelee, cour commune, cuisine, douche, plafonnee, ventilee, vitree","kamboincé","50000","70 36 73 03","2023-12-06"
"villa","2 chambres, carrelee, cuisine, douche, plafonnee, ventilee, vitree","tampouy","300000","70 36 73 03","2023-12-06"
"chambre salon","carrele, cour unique, cuisine, douche, garage, placards, plafonne, ventilee, vitre","gandin","500000","64 64 52 20","2023-12-06"
"chambre salon","auvent, carrele, courcommune, cuisine, douche, placards, plafonne, ventile, vitre","tampouy","45000","69 01 07 75","2023-12-06"
"villa","03 chambres, climatise, cour unique, cuisine, douche, garage, placard, ventile, vitre","cité azimo","25000","74 05 32 53","2023-12-06"
"mini villa","auvent, carrele, courunique, cuisine, douche, garage, plafonne, ventile, vitre","tanghin","100000","69 01 07 75","2023-12-06"
"chambre salon","douche, plafonne, ventile, vitre","camp militaire","40000","64 64 52 20","2023-12-06"
"chambre salon","auvent, carrele, courunique, cuisine, douche, garage, plafonne, ventile","sakoula","50000","69 01 07 75","2023-12-06"
"chambre salon","cuisine, douche","pissy","100000","66 92 73 75","2023-12-06"
"mini villa","2 chambres, cuisine, douche","garghin","80000","74 05 32 53","2023-12-06"
"chambre salon","cour commune, cuisine, douche, plafonne, vitre","rayongo","40000","64 64 52 20","2023-12-06"
"mini villa","2 chambres, cuisine, douche","cité azimo","125000","74 05 32 53","2023-12-05"
"chambre salon","cuisine, douche, garage","tanghin","100000","79 31 67 00","2023-12-05"
"chambre salon","cuisine, douche","nagrin","45000","74 05 32 53","2023-12-05"
"mini villa","auvent, carrele, courunique, cuisine, douche, garage, plafonne, ventile, vitre","sambin barrage","75000","69 01 07 75","2023-12-05"
"mini villa","cuisine, douche, garage, placards","cité azimo","100000","64 64 52 20","2023-12-05"
"chambre salon","cuisine, douche","nagrin","60000","74 05 32 53","2023-12-05"
"chambre salon","cuisine, douche","balkuy","50000","","2023-12-05"
"chambre salon","auvent, carrele, courcommune, douche interne, plafonne, ventile, vitre","tanghin","35000","69 01 07 75","2023-12-05"
"chambre salon","douche, plafonne","bonheur-ville","30000","66 92 73 75","2023-12-05"
"chambre salon","plafonne","tanghin","20000","79 31 67 00","2023-12-04"
"chambre salon","douche, plafonne, ventile, vitre","rayongo","30000","64 64 52 20","2023-12-04"
"chambre salon","carrele, courcommune, douche, plafonne, vitre","tanghin","37500","69 01 07 75","2023-12-04"
"chambre salon","carrele, courcommune, douche interne, plafonne, ventile","tanghin","35000","69 01 07 75","2023-12-04"
"chambre salon","cour commune, cuisine, vitre","sakoula","150000","79 03 04 58","2023-12-04"
"mini villa","chauffe eau, cuisine, douche, garage, placards","sakoula","67849","67 84 90 07","2023-12-04"
"chambre salon","cour commune, cuisine, douche","nagrin","35000","74 05 32 53","2023-12-04"
"chambre salon","douche","garghin","20000","74 05 32 53","2023-12-04"
"villa","cuisine, douche","noncin","50000","64 64 52 20","2023-12-04"
"chambre salon","carrele, courcommune, douche, plafonne, ventile","tanghin","25000","69 01 07 75","2023-12-04"
"chambre salon","douche interne, plafonne, ventile, vitre","tanghin","35000","79 31 67 00","2023-12-04"
"mini villa","auvent, carrele, courunique, cuisine, douche, garage, plafonne, ventile, vitre","tanghin","90000","69 01 07 75","2023-12-04"
"chambre salon","cuisine, douche, garage, plafonne","tanghin","75000","70 19 44 35","2023-12-04"
"chambre salon","cour commune, cuisine, douche interne","cité azimo","80000","66 92 73 75","2023-12-04"
"chambre salon","carrelee, cour commune, cuisine, douche, plafonnee, ventilee","belle-ville","40000","70 36 73 03","2023-12-04"
"mini villa","2 chambres, carrele, cuisine, douche, ventile, vitre","nioko ii","784275","78 42 75 00","2023-12-04"
"chambre salon","cour commune, cuisine, douche","garghin","30000","74 05 32 53","2023-12-04"
"mini villa","3 chambres, cuisine, douche, garage","garghin","125000","74 05 32 53","2023-12-04"
"villa","03 chambres, climatise, cour unique, cuisine, douche, garage, placard, ventile, vitre","kossodo","300000","74 05 32 53","2023-12-03"
"mini villa","cour unique, cuisine, douche","nagrin","60000","74 05 32 53","2023-12-03"
"villa","carrele, courunique, cuisine, douche, garage, placards, plafonne, ventile, vitre","sakoula","150000","69 01 07 75","2023-12-03"
"mini villa","cour unique, cuisine, douche","kankamsin","60000","𝟕𝟑 𝟗𝟎 𝟔𝟗 𝟎𝟏","2023-12-03"
"villa","ventilé, Carrellé","université de ouagadougou","80000","75 35 14 39","2023-12-03"
"chambre salon","cour unique, cuisine, douche, plafonne, ventile","cité azimo","50000","64 64 52 20","2023-12-03"
"villa","2 chambres, carrelee, cuisine, douche, plafonnee, ventilee, vitree","tampouy","300000","70 36 73 03","2023-12-03"
"chambre salon","carrelee, cour unique, cuisine, douche, plafonnee, ventilee","toécin","50000","70 36 73 03","2023-12-03"
"chambre salon","carrele, courcommune, cuisine, douche, plafonne, ventile, vitre","tanghin","40000","69 01 07 75","2023-12-03"
"villa","auvent, carrele, courunique, cuisine, douche, garage, plafonne, ventile, vitre","zone une","125000","69 01 07 75","2023-12-03"
"chambre salon","cuisine, douche, garage, plafonne, ventile","tanghin","50000","79 31 67 00","2023-12-03"
"chambre salon","auvent, carrele, courcommune, douche, plafonne, ventile, vitre","nagrin","40000","69 01 07 75","2023-12-03"
"chambre salon","carrele, plafonne, ventilee","université de ouagadougou","25000","76 62 04 10","2023-12-03"
"duplex","05 chambres, cuisine, garage","cité azimo","600000","74 05 32 53","2023-12-03"
"villa","ventilé, Carrellé","pissy","15000","70 50 08 24","2023-12-03"
"chambre salon","carrelee, cour commune, cuisine, douche, plafonnee, ventilee","marcoussis","30000","70 36 73 03","2023-12-02"
"villa","2 chambres, carrele, cuisine, douche, garage, plafonne, vitre","nioko ii","70000","74 05 32 53","2023-12-02"
"chambre salon","carrelee, cour commune, cuisine, douche, plafonnee, ventilee","kamboincé","40000","70 36 73 03","2023-12-02"
"chambre salon","auvent, carrele, cour commune, cuisine, douche, plafonne, ventile, vitre","kouritenga","40000","74 05 32 53","2023-12-02"
"villa","4 chambres, carrelee, cuisine, douche, plafonnee, ventilee","tampouy","125000","70 36 73 03","2023-12-02"
"villa","4 chambres, carrelee, cuisine, douche, plafonnee, ventilee","tampouy","125000","70 36 73 03","2023-12-02"
"chambre salon","carrele, cuisine, plafonne, ventilee, vitre","université de ouagadougou","75000","76 62 04 10","2023-12-02"
"chambre salon","carrele, courcommune, plafonne, ventile","tanghin","25000","69 01 07 75","2023-12-02"
"chambre salon","auvent, carrele, courcommune, cuisine, douche, plafonne, ventile, vitre","tampouy","50000","69 01 07 75","2023-12-02"
"chambre salon","ventilé, Carrellé","université de ouagadougou","37500","56 09 47 68","2023-12-02"
"chambre salon","carrele, courcommune, douche, jardin, plafonne, ventile, vitre","kamboincé","50000","69 01 07 75","2023-12-02"
"mini villa","auvent, carrele, climatisee, courunique, cuisine, douche, garage, placards, plafonne, ventile, vitre","tanghin","100000","69 01 07 75","2023-12-02"
"chambre salon","carrelee, cour commune, cuisine, douche, plafonnee, ventilee","marcoussis","30000","70 36 73 03","2023-12-02"
"chambre salon","auvent, carrele, courcommune, cuisine, douche, plafonne, ventile, vitre","sakoula","40000","69 01 07 75","2023-12-02"
"mini villa","carrele, courunique, cuisine, douche, garage, plafonne, ventile, vitre","tanghin","60000","69 01 07 75","2023-12-02"
"mini villa","2 chambres, cuisine, douche, garage","nabitenga","80000","74 05 32 53","2023-12-01"
"villa","ventilé, Carrellé","bassinko","500375","70 63 16 24","2023-12-01"
"villa","4 chambres, carrelee, cuisine, douche, plafonnee, ventilee","toeghin","125000","70 36 73 03","2023-12-01"
"chambre salon","auvent, carrele, courcommune, douche interne, plafonne, vitre","tanghin","30000","69 01 07 75","2023-12-01"
"chambre salon","douche, plafonne, ventile","tanghin","35000","79 31 67 00","2023-12-01"
"chambre salon","carrele, courcommune, douche, plafonne, ventile, vitre","tanghin","40000","69 01 07 75","2023-12-01"
"chambre salon","auvent, carrele, courunique, cuisine, douche, garage, plafonne, ventile, vitre","sambin barrage","65000","69 01 07 75","2023-12-01"
"villa","ventilé, Carrellé","kouritenga","50000","55 66 03 77","2023-12-01"
"chambre salon","carrele, douche interne, ventile","université de ouagadougou","50000","66 92 73 75","2023-12-01"
"mini villa","2 chambres, carrele, cuisine, douche, garage, plafonne, ventile, vitre","nioko ii","784275","78 42 75 00","2023-12-01"
"duplex","chauffe eau, climatisee, cuisine, garage, jardin, placards","cité azimo","600000","74 05 32 53","2023-12-01"
"villa","ventilé, Carrellé","cité azimo","52500","54 25 88 98","2023-12-01"
"duplex","04 chambres, cuisine, douche, garage, placard, vitre","kouritenga","400000","73 90 69 01","2023-11-30"
"chambre salon","cour unique, cuisine, douche, garage, plafonne","sakoula","55000","73 42 22 22","2023-11-30"
"chambre salon","douche interne","belle-ville","30000","74 05 32 53","2023-11-30"
"chambre salon","carrele, courcommune, plafonne","sakoula","25000","69 01 07 75","2023-11-30"
"chambre salon","carrele, cour commune, douche interne, ventile","université de ouagadougou","50000","66 92 73 75","2023-11-30"
"chambre salon","douche, plafonne, ventile, vitre","tanghin","25000","79 31 67 00","2023-11-30"
"chambre salon","auvent, carrele, courcommune, douche, plafonne, ventile, vitre","tanghin","25000","69 01 07 75","2023-11-30"
"mini villa","3 chambres, cuisine, douche, garage","garghin","125000","74 05 32 53","2023-11-30"
"villa","ventilé, Carrellé","zone commerciale","150000","79 31 67 00","2023-11-30"
"chambre salon","cuisine, douche, garage, plafonne, ventile, vitre","sakoula","200000","79 31 67 00","2023-11-30"
"mini villa","2 chambres, carrele, cuisine, douche, garage, plafonne, ventile, vitre","nioko ii","784275","78 42 75 00","2023-11-30"
"chambre salon","cuisine, douche, garage","sambin barrage","75000","79 31 67 00","2023-11-30"
"mini villa","2 chambres, cour unique, cuisine, douche, placards","cité azimo","75000","74 05 32 53","2023-11-30"
"villa","ventilé, Carrellé","tanghin","85000","79 31 67 00","2023-11-30"
"chambre salon","carrele, cuisine, douche, ventile, vitre","sakoula","50000","66 92 73 75","2023-11-30"
"chambre salon","carrele, cour commune, douche, ventile","sakoula","60000","66 92 73 75","2023-11-30"
"chambre salon","cour commune, douche interne","tanghin","25000","07 44 69 24","2023-11-28"
"mini villa","3 chambres, climatise, cuisine, douche","pissy","125000","74 05 32 53","2023-11-29"
"villa","ventilé, Carrellé","kouritenga","50000","55 66 03 77","2023-11-29"
"chambre salon","auvent, carrele, courcommune, douche, plafonne, ventile, vitre","tanghin","25000","69 01 07 75","2023-11-29"
"chambre salon","carrele, cuisine, douche, garage, ventile, vitre","sambin barrage","125000","78 42 75 00","2023-11-29"
"chambre salon","cuisine, douche","nagrin","60000","74 05 32 53","2023-11-29"
"maison","2 chambres, carrele, climatisee, cuisine, douche, garage, placards, plafonne, ventile, vitre","bendogo","150000","52 25 18 65","2023-11-29"
"chambre salon","cuisine, douche, garage, plafonne","tanghin","80000","79 31 67 00","2023-11-29"
"chambre salon","cour commune, douche interne, plafonne","kamboincé","25000","62 88 38 82","2023-11-29"
"chambre salon","cour commune, cuisine, plafonne","bonheur-ville","60000","66 92 73 75","2023-11-29"
"mini villa","auvent, carrele, climatisee, courunique, cuisine, douche, garage, plafonne, ventile, vitre","pissy","80000","69 01 07 75","2023-11-29"
"mini villa","2 chambres, cuisine, douche","zoodnoma","120000","74 05 32 53","2023-11-29"
"chambre salon","cour commune, cuisine, douche, eau courante, vitre","kouritenga","200000","73 90 69 01","2023-11-29"
"chambre salon","douche interne, plafonne","song-naaba","27500","78 42 75 00","2023-11-29"
"mini villa","2 chambres, cuisine, douche","zoodnoma","80000","74 05 32 53","2023-11-29"
"mini villa","2 chambres, cuisine, douche","zoodnoma","100000","74 05 32 53","2023-11-29"
"villa","ventilé, Carrellé","camp militaire","800000","74 78 40 68","2023-11-29"
"villa","carrele, plafonne","sakoula","50000","66 92 73 75","2023-11-28"
"maison","2 chambres, carrele, cuisine, douche, plafonne, ventile, vitre","kouritenga","60000","66 92 73 75","2023-11-28"
"mini villa","auvent, carrele, courunique, cuisine, douche, garage, plafonne, ventile, vitre","tanghin","75000","69 01 07 75","2023-11-28"
"villa","climatisee, cuisine, placard","université de ouagadougou","15000","74 05 32 53","2023-11-28"
"mini villa","2 chambres, cuisine, douche, placard","kossodo","150000","74 05 32 53","2023-11-28"
"chambre salon","cuisine, douche, plafonne, ventile, vitre","tanghin","50000","79 31 67 00","2023-11-28"
"chambre salon","carrele, courcommune, douche interne, placards, plafonne, ventile, vitre","tanghin","30000","69 01 07 75","2023-11-28"
"chambre salon","cuisine, douche, garage, plafonne, ventile, vitre","tanghin","75000","79 31 67 00","2023-11-28"
"villa","4 chambres, climatise, cuisine, douche, piscine, placards","cité azimo","450000","74 05 32 53","2023-11-28"
"villa","carrelee, plafonnee, vitree","oscar yaar","50000","66 92 73 75","2023-11-27"
"chambre salon","cuisine, douche, garage, plafonne, ventile, vitre","tanghin","75000","79 31 67 00","2023-11-27"
"chambre salon","carrele, chauffe eau, climatisee, cour unique, cuisine, douche, garage, placards, plafonne, ventilee, vitre","cité azimo","100000","73 90 69 01","2023-11-27"
"chambre salon","carrele, courcommune, cuisine, douche, plafonne, ventile","zone une","40000","69 01 07 75","2023-11-27"
"maison","2 chambres, carrele, cuisine, douche, garage, plafonne, ventile, vitre","song-naaba","100000","52 25 18 65","2023-11-27"
"villa","ventilé, Carrellé","toeghin","15000","66 92 73 75","2023-11-27"
"villa","ventilé, Carrellé","toeghin","35000","78 42 75 00","2023-11-27"
"villa","ventilé, Carrellé","bonheur-ville","100000","66 92 73 75","2023-11-27"
"chambre salon","auvent, carrele, courunique, cuisine, douche, garage, plafonne, ventile, vitre","sakoula","40000","69 01 07 75","2023-11-26"
"villa","ventilé, Carrellé","kouritenga","50000","55 66 03 77","2023-11-26"
"villa","ventilé, Carrellé","université de ouagadougou","80000","76 62 04 10","2023-11-26"
"villa","04 chambres, cuisine, douche, garage, placard, vitre","kouritenga","300000","73 90 69 01","2023-11-26"
"chambre salon","cour unique, cuisine, douche","kossodo","300000","","2023-11-26"
"chambre salon","auvent, carrele, climatisee, courcommune, cuisine, douche, plafonne, ventile, vitre","sakoula","70000","69 01 07 75","2023-11-26"
"mini villa","auvent, carrele, courunique, cuisine, douche, garage, plafonne, ventile, vitre","zone une","125000","69 01 07 75","2023-11-26"
"villa","ventilé, Carrellé","yagma","15000","70 50 08 24","2023-11-26"
"villa","climatisee","kamboincé","90000","69 01 07 75","2023-11-25"
"chambre salon","douche interne","camp militaire","400000","62 88 38 82","2023-11-25"
"chambre salon","carrelee, cour commune, douche interne, plafonnee","tampouy","25000","70 36 73 03","2023-11-25"
"chambre salon","carrelee, douche interne, plafonnee","kamboincé","25000","76 95 75 40","2023-11-25"
"mini villa","2 chambres, cuisine, douche","zoodnoma","80000","74 05 32 53","2023-11-25"
"chambre salon","cour unique, cuisine, douche, ventile, vitre","bonheur-ville","50000","66 92 73 75","2023-11-25"
"mini villa","auvent, carrele, courunique, cuisine, douche, garage, plafonne, ventile, vitre","tanghin","80000","69 01 07 75","2023-11-25"
"chambre salon","cuisine, douche, plafonne, ventile, vitre","kamsonghin","80000","79 31 67 00","2023-11-25"
"chambre salon","carrele, courcommune, douche interne, plafonne, ventile","sakoula","25000","69 01 07 75","2023-11-25"
"chambre salon","cuisine, douche, plafonne, ventile, vitre","rayongo","32500","64 64 52 20","2023-11-25"
"chambre salon","douche, plafonne, ventile","tanghin","60000","79 31 67 00","2023-11-25"
"villa","ventilé, Carrellé","ouidi","125000","70 36 73 03","2023-11-25"
"villa","ventilé, Carrellé","djikof","22600","66 68 93 22","2023-11-24"
"villa","2 chambres, climatisee, cuisine, douche, plafonnee, ventilee, vitree","tampouy","200000","70 36 73 03","2023-11-24"
"chambre salon","auvent, carrele, courcommune, cuisine, douche, plafonne, ventile, vitre","tanghin","50000","69 01 07 75","2023-11-24"
"chambre salon","cour commune, cuisine, douche, placards, plafonnee, ventilee, vitree","belle-ville","45000","70 36 73 03","2023-11-24"
"villa","02 chambres, carrelee, cour unique, cuisine, douche, garage, ventilee, vitree","rimkiéta","78047","70 36 73 03","2023-11-24"
"chambre salon","cuisine, douche, plafonne, ventile, vitre","rayongo","32500","64 64 52 20","2023-11-24"
"villa","ventilé, Carrellé","kouritenga","50000","55 66 03 77","2023-11-24"
"mini villa","2 chambres, cuisine, douche","zoodnoma","100000","74 05 32 53","2023-11-24"
"mini villa","02 chambres, douche","tampouy","300000","62 84 18 39","2023-11-23"
"villa","ventilé, Carrellé","toeghin","115000","53 29 54 72","2023-11-23"
"villa","climatise, garage, jardin","sambin barrage","740532","74 05 32 53","2023-11-23"
"villa","ventilé, Carrellé","tampouy","18000","74 16 47 16","2023-11-23"
"villa","ventilé, Carrellé","tanghin","30000","74 92 19 26","2023-11-23"
"chambre salon","cour commune, cuisine, douche","sakoula","45000","64 64 52 20","2023-11-23"
"chambre salon","auvent, carrele, climatisee, courcommune, cuisine, douche, plafonne, ventile, vitre","pissy","55000","69 01 07 75","2023-11-23"
"chambre salon","climatise, cuisine, douche, garage, placard","tanghin","100000","79 31 67 00","2023-11-23"
"chambre salon","ventilé, Carrellé","kamboincé","69645","07 44 69 24","2023-11-23"
"mini villa","2 chambres, cuisine, douche","zoodnoma","100000","74 05 32 53","2023-11-23"
"villa","carrele, plafonne, ventile, vitre","samadin","60000","69 01 07 75","2023-11-23"
"villa","ventilé, Carrellé","toeghin","80000","67 84 90 07","2023-11-23"
"villa","3 chambres, climatise, cuisine, douche","cité azimo","250000","74 05 32 53","2023-11-23"
"villa","3 chambres, climatise, cuisine, douche","cité azimo","250000","74 05 32 53","2023-11-23"
"chambre salon","auvent, carrele, courcommune, cuisine, douche, plafonne, ventile, vitre","song-naaba","40000","69 01 07 75","2023-11-23"
"chambre salon","carrele, courcommune, douche interne, plafonne, ventile","rimkiéta","35000","69 01 07 75","2023-11-23"
"villa","ventilé, Carrellé","sakoula","30000","79 31 67 00","2023-11-23"
"chambre salon","carrele, courcommune, cuisine, douche, plafonne, ventile, vitre","rimkiéta","35000","69 01 07 75","2023-11-23"
"chambre salon","carrele, courcommune, plafonne, ventile, vitre","tanghin","35000","69 01 07 75","2023-11-23"
"chambre salon","carrele, courcommune, plafonne, ventile, vitre","tanghin","35000","69 01 07 75","2023-11-23"
"chambre salon","douche","tanghin","50000","74 92 19 26","2023-11-23"
"chambre salon","auvent, carrele, courcommune, cuisine, douche, plafonne, ventile, vitre","tanghin","40000","69 01 07 75","2023-11-21"
"chambre salon","auvent, carrele, courcommune, cuisine, douche, placards, plafonne, ventile, vitre","kossodo","40000","69 01 07 75","2023-11-22"
"chambre salon","auvent, carrele, courcommune, cuisine, douche, plafonne, ventile, vitre","tampouy","40000","69 01 07 75","2023-11-22"
"chambre salon","auvent, cour commune, douche interne, ventile","marcoussis","25000","62 88 38 82","2023-11-22"
"chambre salon","cour commune, cuisine, douche","nagrin","32500","74 05 32 53","2023-11-22"
"villa","3 chambres, cuisine, douche, jardin","garghin","175000","74 05 32 53","2023-11-22"
"villa","auvent, carrele, courunique, cuisine, douche, garage, plafonne, ventile, vitre","cité azimo","80000","69 01 07 75","2023-11-22"
"chambre salon","carrele, courunique, douche interne, plafonne, ventile, vitre","kilwin","45000","69 01 07 75","2023-11-22"
"chambre salon","cour unique, cuisine, douche, plafonne, vitre","rayongo","75000","64 64 52 20","2023-11-22"
"chambre salon","douche interne, plafonne","toeghin","30000","64 64 52 20","2023-11-22"
"chambre salon","douche interne, plafonne, ventile","tanghin","30000","79 31 67 00","2023-11-22"
"chambre salon","cour unique, cuisine, douche, plafonne, ventile, vitre","rayongo","35000","64 64 52 20","2023-11-22"
"chambre salon","carrelee, cour commune, cuisine, douche, plafonnee, ventilee","marcoussis","30000","70 36 73 03","2023-11-22"
"chambre salon","auvent, carrele, cour commune, cuisine, douche, plafonne, ventile, vitre","bonheur-ville","40000","74 05 32 53","2023-11-21"
"chambre salon","cour unique, cuisine, douche, plafonne, ventile, vitre","rayongo","35000","64 64 52 20","2023-11-21"
"villa","cuisine, garage, placards","cité azimo","200000","74 92 19 26","2023-11-21"
"villa","04 chambres, carrele, courunique, cuisine, douche, garage, plafonne, ventile, vitre","tampouy","150000","69 01 07 75","2023-11-21"
"chambre salon","douche","nabitenga","35000","74 05 32 53","2023-11-21"
"chambre salon","carrele, courunique, douche interne, plafonne, ventile","bonheur-ville","35000","69 01 07 75","2023-11-21"
"mini villa","auvent, carrele, climatisee, courunique, cuisine, douche, garage, plafonne, ventile, vitre","pissy","80000","69 01 07 75","2023-11-21"
"mini villa","auvent, carrele, chauffe eau, climatisee, courunique, cuisine, douche, garage, placards, plafonne, ventile, vitre","enaref cogeb","200000","69 01 07 75","2023-11-21"
"mini villa","auvent, carrele, climatisee, courunique, cuisine, douche, garage, plafonne, ventile, vitre","sambin barrage","125000","69 01 07 75","2023-11-21"
"chambre salon","cuisine, douche, plafonne, vitre","tanghin","40000","79 31 67 00","2023-11-21"
"chambre salon","carrele, cour commune, cuisine, douche, plafonne, ventile, vitre","nagrin","38000","74 05 32 53","2023-11-21"
"villa","cuisine, douche","kamboincé","150000","05 73 93 32","2023-11-21"
"chambre salon","douche","pissy","50000","56 09 47 68","2023-11-21"
"chambre salon","carrelee, cour commune, cuisine, douche, plafonnee, ventilee","marcoussis","30000","70 36 73 03","2023-11-20"
"villa","ventilé, Carrellé","toeghin","700000","65 45 16 55","2023-11-20"
"chambre salon","cour commune, cuisine, douche, vitre","kouritenga","200000","77 87 02 89","2023-11-20"
"maison","2 chambres, carrele, climatisee, cuisine, douche, garage, plafonne, ventile, vitre","dassasgho","200000","52 25 18 65","2023-11-20"
"chambre salon","carrele, courcommune, plafonne, vitre","sakoula","30000","69 01 07 75","2023-11-20"
"chambre salon","carrele, courcommune, plafonne, vitre","sakoula","30000","69 01 07 75","2023-11-20"
"chambre salon","cour commune, douche","sakoula","50000","70 36 73 03","2023-11-20"
"chambre salon","cour commune, douche","sakoula","50000","70 36 73 03","2023-11-20"
"maison","1 chambres, carrele, cuisine, douche, plafonne, ventile, vitre","bendogo","55000","52 25 18 65","2023-11-20"
"chambre salon","carrele, courcommune, cuisine, douche, plafonne, ventile, vitre","rayongo","35000","69 01 07 75","2023-11-20"
"mini villa","auvent, carrele, climatisee, courunique, cuisine, douche, garage, plafonne, ventile, vitre","bassinko","85000","69 01 07 75","2023-11-20"
"mini villa","auvent, carrele, climatisee, courunique, cuisine, douche, garage, plafonne, ventile, vitre","bassinko","85000","69 01 07 75","2023-11-20"
"chambre salon","auvent, carrele, courcommune, cuisine, douche, placards, plafonne, ventile, vitre","saint léon","50000","69 01 07 75","2023-11-20"
"mini villa","auvent, carrele, courunique, cuisine, douche, garage, plafonne, ventile, vitre","tanghin","75000","69 01 07 75","2023-11-20"
"chambre salon","cour unique, douche","nagrin","50000","74 05 32 53","2023-11-20"
"chambre salon","cour commune, cuisine, douche","sakoula","35000","74 05 32 53","2023-11-20"
"villa","02 chambres, cour unique, cuisine, douche","tanghin","75000","62 84 18 39","2023-11-20"
"villa","2 chambres, douche","nagrin","125000","74 05 32 53","2023-11-20"
"chambre salon","cuisine, douche, garage","rimkiéta","70000","74 92 19 26","2023-11-19"
"duplex","03 chambres, cuisine, douche, garage, placard, vitre","kouritenga","250000","77 87 02 89","2023-11-19"
"villa","3 chambres, climatise, cuisine, douche, jardin","garghin","175000","74 05 32 53","2023-11-19"
"villa","3 chambres, cuisine, douche, garage","kossodo","175000","74 05 32 53","2023-11-19"
"chambre salon","carrele, courcommune, douche interne, plafonne, ventile, vitre","nonghin","30000","69 01 07 75","2023-11-19"
"chambre salon","carrele, cuisine, douche, garage, jardin, placards, plafonne, ventile, vitre","cité azimo","690107","69 01 07 75","2023-11-19"
"mini villa","auvent, climatisee, courunique, cuisine, douche, garage, placards","kamboincé","100000","69 01 07 75","2023-11-19"
"villa","3 chambres, cuisine, douche","tampouy","100000","76 95 75 40","2023-11-19"
"villa","climatise, climatisee, cuisine, douche, garage, jardin, placards","tanghin","125000","70 36 73 03","2023-11-19"
"mini villa","2 chambres, climatise, cuisine, douche","garghin","90000","74 05 32 53","2023-11-19"
"villa","3 chambres, climatise, cuisine, douche","zoodnoma","250000","74 05 32 53","2023-11-19"
"mini villa","2 chambres, climatise, cuisine, douche","garghin","90000","74 05 32 53","2023-11-19"
"chambre salon","cour commune, cuisine, douche, eau courante, vitre","kouritenga","60000","73 90 69 01","2023-11-19"
"chambre salon","carrelee","tampouy","20000","76 95 75 40","2023-11-18"
"chambre salon","carrelee","tampouy","20000","76 95 75 40","2023-11-18"
"maison","3 chambres, carrele, cuisine, douche, garage, plafonne, ventile, vitre","sambin barrage","175000","52 25 18 65","2023-11-18"
"chambre salon","douche, plafonne, ventile","rimkiéta","35000","79 31 67 00","2023-11-18"
"chambre salon","carrele, courcommune, cuisine, douche, plafonne, ventile, vitre","rimkiéta","35000","69 01 07 75","2023-11-18"
"chambre salon","carrele, courcommune, douche interne, plafonne, ventile","kamboincé","25000","69 01 07 75","2023-11-18"
"chambre salon","auvent, carrele, courcommune, cuisine, douche, plafonne, ventile, vitre","rayongo","60000","69 01 07 75","2023-11-18"
"villa","3 chambres, climatisee, cuisine, douche","tampouy","125000","70 36 73 03","2023-11-18"
"chambre salon","carrele, courunique, plafonne","tanghin","20000","69 01 07 75","2023-11-18"
"chambre salon","cour unique, cuisine, douche, eau courante, ventilee, vitre","kouritenga","50000","73 90 69 01","2023-11-18"
"chambre salon","cuisine, douche, plafonne, ventile, vitre","tanghin","75000","79 31 67 00","2023-11-18"
"chambre salon","cour unique, cuisine, douche, placard","kamboincé","40000","70 36 73 03","2023-11-18"
"chambre salon","cour unique, cuisine, douche","bonheur-ville","65000","74 05 32 53","2023-11-18"
"chambre salon","cour commune, cuisine, douche","sakoula","35000","74 05 32 53","2023-11-18"
"mini villa","2 chambres, cuisine, douche","nagrin","100000","74 05 32 53","2023-11-18"
"villa","5 chambres, cuisine, douche","bassinko","175000","70 36 73 03","2023-11-17"
"villa","ventilé, Carrellé","rotonde","75000","79 31 67 00","2023-11-17"
"mini villa","02 chambres, cour unique, cuisine, douche, eau courante, garage, placard, ventilee, vitre","kouritenga","150000","77 87 02 89","2023-11-17"
"chambre salon","cour commune, cuisine, douche","sakoula","35000","74 05 32 53","2023-11-17"
"mini villa","2 chambres, cuisine, douche","nagrin","100000","74 05 32 53","2023-11-17"
"villa","2 chambres, climatise, cuisine, douche, jardin","song-naaba","150000","74 05 32 53","2023-11-17"
"chambre salon","carrele, cuisine, douche, plafonne, ventile","bonheur-ville","60000","74 05 32 53","2023-11-17"
"chambre salon","douche interne, plafonne, ventile","tanghin","30000","79 31 67 00","2023-11-17"
"mini villa","2 chambres, cour unique, cuisine, douche","zoodnoma","250000","74 05 32 53","2023-11-17"
"villa","ventilé, Carrellé","tanghin","30000","69 01 07 75","2023-11-17"
"chambre salon","auvent, carrele, courcommune, cuisine, douche, plafonne, ventile, vitre","kilwin","40000","69 01 07 75","2023-11-17"
"villa","3 chambres, cuisine, douche","cité azimo","110000","70 36 73 03","2023-11-17"
"villa","ventilé, Carrellé","tanghin","30000","79 31 67 00","2023-11-17"
"chambre salon","carrele, cuisine, plafonne, ventilee, vitre","cité azimo","30000","76 62 04 10","2023-11-17"
"chambre salon","carrelee, cour unique, cuisine, douche, plafonnee, ventilee","kossodo","300000","76 95 75 40","2023-11-16"
"chambre salon","carrele, cuisine, douche, plafonne","kamboincé","40000","70 19 44 35","2023-11-16"
"villa","auvent, carrele, climatisee, courunique, cuisine, douche, garage, placards, plafonne, ventile, vitre","toeghin","200000","69 01 07 75","2023-11-16"
"chambre salon","cuisine, douche, plafonne, ventile, vitre","tanghin","45000","79 31 67 00","2023-11-16"
"villa","ventilé, Carrellé","tanghin","17500","79 31 67 00","2023-11-16"
"chambre salon","auvent, carrele, courcommune, douche, plafonne, ventile, vitre","kamboincé","35000","69 01 07 75","2023-11-16"
"villa","carrele, ventile","tanghin","17500","74 92 19 26","2023-11-16"
"villa","plafonne, ventile","tanghin","17500","79 31 67 00","2023-11-16"
"chambre salon","auvent, carrele, courcommune, douche interne, plafonne, ventile, vitre","rimkiéta","30000","69 01 07 75","2023-11-16"
"mini villa","2 chambres, cuisine, douche","nagrin","70000","74 05 32 53","2023-11-16"
"villa","ventilé, Carrellé","tampouy","75000","70 36 73 03","2023-11-16"
"mini villa","cuisine, douche, placard","cité azimo","50000","74 05 32 53","2023-11-16"
"mini villa","2 chambres, cuisine, douche","zoodnoma","100000","74 05 32 53","2023-11-16"
"villa","ventilé, Carrellé","tampouy","200000","07 44 69 24","2023-11-16"
"villa","ventilé, Carrellé","pissy","98000","67 84 90 07","2023-11-15"
"chambre salon","cuisine, douche, plafonne, ventile, vitre","tanghin","45000","79 31 67 00","2023-11-15"
"chambre salon","carrelee, cour commune, douche interne, plafonnee","tampouy","25000","62 88 38 82","2023-11-15"
"chambre salon","auvent, carrele, courcommune, douche interne, plafonne, ventile, vitre","pissy","37500","69 01 07 75","2023-11-15"
"maison","ventilé, Carrellé","tanghin","100000","73 42 22 22","2023-11-15"
"mini villa","auvent, carrele, courunique, cuisine, douche, garage, plafonne, ventile, vitre","rimkiéta","90000","69 01 07 75","2023-11-15"
"chambre salon","carrele, courcommune, douche interne, plafonne, ventile, vitre","tampouy","30000","69 01 07 75","2023-11-15"
"chambre salon","cour unique","kamboincé","45000","","2023-11-15"
"chambre salon","cour unique","kamboincé","45000","","2023-11-15"
"chambre salon","cour unique, douche, garage, placard","cité azimo","25000","74 05 32 53","2023-11-15"
"chambre salon","douche, plafonne, ventile","tanghin","40000","79 31 67 00","2023-11-15"
"villa","ventilé, Carrellé","université de ouagadougou","650000","67 84 90 07","2023-11-15"
"mini villa","2 chambres, cuisine, douche, garage, placard","zoodnoma","150000","74 05 32 53","2023-11-15"
"villa","ventilé, Carrellé","zone une","17500","79 31 67 00","2023-11-12"
"villa","plafonne, ventile","sakoula","60000","79 31 67 00","2023-11-14"
"chambre salon","carrele, courcommune, douche interne, plafonne, vitre","tanghin","25000","69 01 07 75","2023-11-14"
"chambre salon","carrele, courcommune, douche interne, plafonne","gandin","35000","69 01 07 75","2023-11-14"
"villa","5 chambres, climatise, cuisine, douche","université de ouagadougou","900000","74 05 32 53","2023-11-14"
"chambre salon","douche, plafonne, ventile, vitre","tanghin","30000","79 31 67 00","2023-11-14"
"villa","plafonne","tanghin","15000","79 31 67 00","2023-11-06"
"chambre salon","plafonne, ventile","sakoula","17900","61 05 65 95","2023-11-13"
"chambre salon","climatise, cuisine, douche, garage, placard, plafonne","tanghin","100000","79 31 67 00","2023-11-13"
"chambre salon","carrelee, cour commune, douche interne, plafonnee, ventilee","tampouy","32500","76 95 75 40","2023-11-13"
"duplex","05 chambres, climatisee, cuisine, douche, garage, jardin, placard","balkuy","700000","62 84 18 39","2023-11-13"
"chambre salon","auvent, carrele, courcommune, cuisine, douche, plafonne, ventile","pissy","60000","69 01 07 75","2023-11-13"
"mini villa","2 chambres, climatise, cuisine, douche","garghin","100000","74 05 32 53","2023-11-13"
"chambre salon","auvent, carrele, courunique, cuisine, douche, garage, plafonne, ventile, vitre","kouritenga","40000","69 01 07 75","2023-11-13"
"chambre salon","carrele, courcommune, douche, plafonne, ventile, vitre","cité azimo","35000","69 01 07 75","2023-11-13"
"chambre salon","carrele, cuisine, plafonne, ventilee, vitre","université de ouagadougou","70000","76 62 04 10","2023-11-13"
"chambre salon","carrele, cuisine, plafonne, ventilee, vitre","cité azimo","65000","76 62 04 10","2023-11-13"
"chambre salon","douche interne, plafonne","tanghin","20000","79 31 67 00","2023-11-12"
"chambre salon","auvent, carrele, courcommune, douche, plafonne, ventile, vitre","kamboincé","35000","69 01 07 75","2023-11-12"
"chambre salon","cour commune, cuisine, douche","tanghin","50000","74 92 19 26","2023-11-12"
"chambre salon","cuisine, douche, plafonne, ventile","tanghin","50000","79 31 67 00","2023-11-12"
"chambre salon","plafonne","tanghin","25000","79 31 67 00","2023-11-11"
"chambre salon","climatise, cuisine, douche, plafonne, ventile, vitre","sakoula","125000","79 31 67 00","2023-11-11"
"chambre salon","cuisine, douche","bonheur-ville","45000","74 05 32 53","2023-11-11"
"villa","03 chambres, cour unique, cuisine, douche, garage, placard, vitre","cité azimo","85000","77 87 02 89","2023-11-11"
"chambre salon","cuisine, plafonne, ventile, vitre","sakoula","17900","61 05 65 95","2023-11-11"
"chambre salon","climatisee, cour unique, cuisine, garage, plafonnee, ventilee","sakoula","75000","78 04 73 26","2023-11-11"
"villa","ventilé, Carrellé","bassinko","75000","07 44 69 24","2023-11-11"
"villa","3 chambres, carrele, cuisine, plafonne, vitre","université de ouagadougou","22600","52 54 00 48","2023-11-11"
"chambre salon","carrele, courcommune, douche interne, plafonne, ventile, vitre","tampouy","35000","69 01 07 75","2023-11-11"
"mini villa","02 chambres, cour unique, cuisine, douche, garage, ventile","tampouy","074469","07 44 69 24","2023-11-11"
"villa","ventilé, Carrellé","toeghin","17500","79 31 67 00","2023-11-11"
"chambre salon","cour commune, douche","sakoula","35000","74 05 32 53","2023-11-11"
"chambre salon","douche interne","tanghin","20000","79 31 67 00","2023-11-09"
"chambre salon","cour commune, douche interne, plafonne","sakoula","22500","62 88 38 82","2023-11-03"
"chambre salon","cuisine, douche","sakoula","45000","74 05 32 53","2023-11-10"
"chambre salon","cuisine, douche, garage, plafonne, ventile","tanghin","80000","79 31 67 00","2023-11-10"
"chambre salon","cuisine, douche, garage, plafonne, ventile","tanghin","80000","79 31 67 00","2023-11-10"
"mini villa","02 chambres, cour unique, cuisine, douche, garage, ventile","tanghin","125000","07 44 69 24","2023-11-10"
"chambre salon","auvent, carrele, courcommune, cuisine, douche, plafonne, ventile, vitre","tampouy","35000","69 01 07 75","2023-11-10"
"chambre salon","ventile","kamboincé","20000","07 44 69 24","2023-11-10"
"chambre salon","cour commune, cuisine, douche, ventilee","kamboincé","45000","62 88 38 82","2023-11-10"
"mini villa","carrele, courunique, cuisine, douche, garage, plafonne, ventile, vitre","tanghin","65000","69 01 07 75","2023-11-10"
"chambre salon","climatisee, cour unique, cuisine, garage, plafonnee, ventilee","sakoula","75000","78 04 73 26","2023-11-10"
"chambre salon","cour unique, cuisine, douche, ventile, vitre","kamboincé","65000","62 88 38 82","2023-11-10"
"chambre salon","cour unique, cuisine, douche, ventile, vitre","kamboincé","65000","62 88 38 82","2023-11-10"
"villa","5 chambres, climatise, cour unique, douche, garage, jardin, placard","kossodo","35000","74 05 32 53","2023-11-10"
"villa","ventilé, Carrellé","kouritenga","65000","67 84 90 07","2023-11-10"
"villa","ventilé, Carrellé","kossodo","15000","79 03 04 58","2023-11-09"
"chambre salon","auvent, carrele, courunique, cuisine, douche, garage, plafonne, ventile, vitre","tanghin","60000","69 01 07 75","2023-11-09"
"chambre salon","cour commune, cuisine, douche, eau courante, vitre","kouritenga","50000","77 87 02 89","2023-11-09"
"chambre salon","cour commune, cuisine, douche, eau courante, vitre","kouritenga","50000","77 87 02 89","2023-11-09"
"chambre salon","carrele, courcommune, cuisine, douche, plafonne, ventile, vitre","tanghin","30000","69 01 07 75","2023-11-09"
"chambre salon","carrele, courcommune, plafonne","gandin","25000","69 01 07 75","2023-11-09"
"villa","auvent, carrele, climatisee, courunique, cuisine, douche, garage, placards, plafonne, ventile, vitre","sambin barrage","250000","69 01 07 75","2023-11-09"
"chambre salon","carrele, courcommune, douche, plafonne, vitre","tanghin","35000","69 01 07 75","2023-11-09"
"chambre salon","douche interne, plafonne, ventile","tanghin","40000","79 31 67 00","2023-11-08"
"mini villa","03 chambres, cour unique, cuisine, douche, eau courante, garage, vitre","kouritenga","700000","77 87 02 89","2023-11-08"
"chambre salon","douche, plafonne, ventile","tanghin","30000","79 31 67 00","2023-11-08"
"mini villa","02 chambres, cour unique, cuisine, douche, eau courante, vitre","kouritenga","110000","73 90 69 01","2023-11-08"
"mini villa","02 chambres, cour unique, cuisine, douche, eau courante, vitre","kouritenga","110000","73 90 69 01","2023-11-08"
"villa","carrele, plafonne, ventile, vitre","ouidi","50000","69 01 07 75","2023-11-08"
"mini villa","auvent, courunique, cuisine, douche, garage","tanghin","70000","69 01 07 75","2023-11-08"
"chambre salon","auvent, carrele, courcommune, cuisine, douche, plafonne, ventile, vitre","pissy","45000","69 01 07 75","2023-11-08"
"chambre salon","auvent, carrele, courcommune, cuisine, douche, plafonne, ventile, vitre","tanghin","40000","69 01 07 75","2023-11-08"
"chambre salon","carrele, courcommune, douche, plafonne, ventile, vitre","tanghin","35000","69 01 07 75","2023-11-08"
"mini villa","2 chambres, cuisine, douche, garage","belle-ville","85000","74 05 32 53","2023-11-08"
"maison","ventilé, Carrellé","sakoula","155000","67 84 90 07","2023-11-08"
"chambre salon","climatise, cuisine, douche, garage, placards","cité azimo","100000","74 05 32 53","2023-11-08"
"villa","ventilé, Carrellé","rotonde","25000","62 84 18 39","2023-11-07"
"chambre salon","carrele, plafonne","rimkiéta","25000","76 62 04 10","2023-11-07"
"mini villa","auvent, carrele, courunique, cuisine, douche, garage, plafonne, ventile, vitre","sambin barrage","125000","69 01 07 75","2023-11-07"
"mini villa","auvent, carrele, courunique, cuisine, douche, garage, plafonne, ventile, vitre","tanghin","90000","69 01 07 75","2023-11-07"
"mini villa","2 chambres, cuisine, douche, placard","zoodnoma","75000","74 05 32 53","2023-11-07"
"villa","ventilé, Carrellé","dapoya1","200000","71 49 68 28","2023-11-07"
"villa","ventilé, Carrellé","kouritenga","25000","62 84 18 39","2023-11-07"
"villa","ventilé, Carrellé","sakoula","45000","","2023-11-07"
"chambre salon","cour commune, cuisine, douche","marcoussis","30000","70 36 73 03","2023-11-07"
"chambre salon","auvent, carrele, courcommune, cuisine, douche, plafonne, ventile, vitre","kamboincé","35000","69 01 07 75","2023-11-06"
"chambre salon","auvent, carrele, courcommune, cuisine, douche, plafonne, ventile, vitre","tampouy","40000","69 01 07 75","2023-11-06"
"chambre salon","auvent, carrele, courcommune, cuisine, douche, plafonne, ventile, vitre","kamboincé","35000","69 01 07 75","2023-11-06"
"chambre salon","climatise, cuisine, douche, garage","université de ouagadougou","200000","66 64 68 61","2023-11-06"
"villa","ventilé, Carrellé","kouritenga","20000","64 64 52 20","2023-11-06"
"chambre salon","cour commune, cuisine, douche","garghin","30000","74 05 32 53","2023-11-06"
"chambre salon","ventilé, Carrellé","garghin","500000","74 05 32 53","2023-11-06"
"chambre salon","cuisine, douche, garage, plafonne","tanghin","150000","79 31 67 00","2023-11-06"
"mini villa","2 chambres, cour unique, cuisine, douche, garage, ventile, vitre","sambin barrage","250000","66 92 73 75","2023-11-06"
"chambre salon","cour commune, douche interne","kouritenga","30000","66 92 73 75","2023-11-06"
"chambre salon","cour commune, cuisine, douche, plafonne, ventile, vitre","rayongo","35000","64 64 52 20","2023-11-06"
"chambre salon","cuisine, douche","zone une","200000","","2023-11-06"
"chambre salon","cuisine, douche","zone une","200000","","2023-11-06"
"mini villa","2 chambres, climatise, cuisine, douche","pissy","125000","74 05 32 53","2023-11-06"
"chambre salon","cuisine, douche","kossodo","150000","74 05 32 53","2023-11-06"
"chambre salon","cuisine, douche, ventile, vitre","sakoula","50000","66 92 73 75","2023-11-06"
"chambre salon","chauffe eau, cuisine, douche, garage","kouritenga","150000","66 92 73 75","2023-11-05"
"villa","ventilé, Carrellé","kouritenga","22600","𝟱𝟰 𝟬𝟵 𝟵𝟮 𝟯𝟬","2023-11-05"
"chambre salon","cuisine, douche, garage","cité azimo","80000","64 64 52 20","2023-11-05"
"mini villa","auvent, carrele, climatisee, courunique, cuisine, douche, garage, placards, plafonne, ventile, vitre","tanghin","125000","69 01 07 75","2023-11-05"
"chambre salon","carrele, courcommune, plafonne","sakoula","20000","69 01 07 75","2023-11-05"
"chambre salon","carrele, courcommune, plafonne","sakoula","20000","69 01 07 75","2023-11-05"
"chambre salon","carrelee, courunique, douche interne, garage, plafonne","sakoula","50000","69 01 07 75","2023-11-05"
"chambre salon","auvent, carrele, courunique, cuisine, douche, garage, plafonne, ventile, vitre","tanghin","60000","69 01 07 75","2023-11-05"
"chambre salon","douche, ventile","kouritenga","40000","66 92 73 75","2023-11-05"
"chambre salon","cour commune, cuisine, douche","marcoussis","30000","70 36 73 03","2023-11-05"
"mini villa","2 chambres, cuisine, douche, placard","kankamsin","100000","74 05 32 53","2023-11-05"
"chambre salon","cour unique","tanghin","22600","62 84 18 39","2023-11-04"
"chambre salon","auvent, carrele, courcommune, cuisine, douche, plafonne, ventile, vitre","tanghin","50000","69 01 07 75","2023-11-04"
"chambre salon","climatisee, cour unique, cuisine, douche","cité azimo","100000","70 36 73 03","2023-11-04"
"chambre salon","cour commune, cuisine, douche, plafonne, ventile, vitre","rayongo","35000","64 64 52 20","2023-12-12"
"villa","3 chambres, climatise, cuisine, douche","cité azimo","250000","74 05 32 53","2023-12-12"
"maison","3 chambres, carrele, climatisee, cuisine, douche, garage, placards, plafonne, ventile, vitre","kouritenga","200000","74 05 32 53","2023-11-04"
"chambre salon","carrele, cour commune, cuisine, douche, placard, plafonne, ventile, vitre","rayongo","50000","74 05 32 53","2023-11-04"
"villa","ventilé, Carrellé","kamboincé","250000","65 45 16 55","2023-11-04"
"mini villa","2 chambres, cuisine, douche","zoodnoma","75000","74 05 32 53","2023-11-04"
"chambre salon","cour commune, cuisine, douche, ventile, vitre","belle-ville","40000","66 92 73 75","2023-11-04"
"chambre salon","auvent, cour commune, cuisine, douche, ventile, vitre","kamboincé","35000","62 88 38 82","2023-11-04"
"chambre salon","cour commune, douche","kamboincé","30000","70 36 73 03","2023-11-04"
"chambre salon","cour unique, ventilee, vitree","tampouy","35000","70 36 73 03","2023-11-04"
"villa","plafonne","tampouy","15000","65 45 16 55","2023-10-28"
"villa","ventilé, Carrellé","tanghin","40000","79 31 67 00","2023-11-03"
"chambre salon","auvent, carrele, courunique, cuisine, douche, garage, plafonne, ventile, vitre","nagrin","50000","69 01 07 75","2023-11-03"
"chambre salon","auvent, carrele, courcommune, cuisine, douche, plafonne, ventile, vitre","toeghin","35000","69 01 07 75","2023-11-03"
"chambre salon","auvent, carrele, courcommune, cuisine, douche, plafonne, ventile, vitre","sakoula","70000","69 01 07 75","2023-11-03"
"chambre salon","cour unique, cuisine, douche, placard","kamboincé","75000","62 88 38 82","2023-11-03"
"chambre salon","cour unique, cuisine, douche, placard","kamboincé","75000","62 88 38 82","2023-11-03"
"chambre salon","cour unique, cuisine, douche, placard","kamboincé","75000","62 88 38 82","2023-11-03"
"chambre salon","cour commune, cuisine, douche, garage, plafonne, ventile","kamboincé","628838","62 88 38 82","2023-11-02"
"chambre salon","cuisine, douche","nabitenga","35000","74 05 32 53","2023-11-03"
"villa","ventilé, Carrellé","kossodo","100000","66 92 73 75","2023-11-02"
"chambre salon","auvent, carrele, chauffe eau, cour commune, cuisine, douche, plafonne, ventilee, vitre","garghin","50000","74 05 32 53","2023-11-02"
"mini villa","2 chambres, climatise, cuisine, douche, placard","zoodnoma","200000","74 05 32 53","2023-11-02"
"villa","2 chambres, cuisine, douche","cité azimo","150000","74 05 32 53","2023-11-02"
"villa","douche","kossodo","150000","66 92 73 75","2023-11-02"
"chambre salon","cour commune, cuisine, douche","tampouy","60000","70 36 73 03","2023-11-02"
"chambre salon","cuisine, douche","nabitenga","50000","74 05 32 53","2023-11-02"
"mini villa","2 chambres, cuisine, douche","zoodnoma","75000","74 05 32 53","2023-11-02"
"chambre salon","auvent, cour commune, douche, ventile, vitre","kouritenga","50000","66 92 73 75","2023-11-02"
"chambre salon","cuisine, douche, plafonne, ventile","kouritenga","50000","66 92 73 75","2023-11-02"
"chambre salon","auvent, carrele, courcommune, cuisine, douche, plafonne, ventile, vitre","tampouy","45000","69 01 07 75","2023-11-02"
"chambre salon","auvent, cour commune, douche, ventile, vitre","kouritenga","60000","66 92 73 75","2023-11-02"
"chambre salon","cuisine, douche, ventile, vitre","bonheur-ville","35000","66 92 73 75","2023-11-02"
"chambre salon","carrele, courcommune, douche, placards, plafonne, ventile, vitre","tanghin","30000","69 01 07 75","2023-11-02"
"chambre salon","auvent, carrele, courcommune, cuisine, douche, plafonne, ventile, vitre","tanghin","25000","69 01 07 75","2023-11-01"
"chambre salon","carrele, cour commune, plafonne, vitre","saint léon","50000","66 92 73 75","2023-11-01"
"villa","ventilé, Carrellé","kamsonghin","700000","62 84 18 39","2023-11-01"
"chambre salon","cuisine, douche, ventile, vitre","kankamsin","125000","66 92 73 75","2023-11-01"
"chambre salon","cuisine, douche, ventile","kouritenga","200000","66 92 73 75","2023-11-01"
"chambre salon","cuisine, douche, garage, placard, plafonne, ventile","sambin barrage","75000","79 31 67 00","2023-11-01"
"chambre salon","cour unique, cuisine, douche, garage","wayalghin","75000","70 36 73 03","2023-11-01"
"chambre salon","cuisine, douche, ventile, vitre","sakoula","50000","66 92 73 75","2023-11-01"
"chambre salon","cour commune, plafonnee, ventilee","toeghin","30000","66 92 73 75","2023-11-01"
"chambre salon","carrele, courunique, cuisine, douche interne, plafonne, ventile","toeghin","70000","69 01 07 75","2023-11-01"
"chambre salon","carrele, cour unique, cuisine, douche, garage, plafonne, vitre","sakoula","150000","66 92 73 75","2023-11-01"
"chambre salon","auvent, carrele, courcommune, cuisine, douche, plafonne, ventile","sakoula","25000","69 01 07 75","2023-11-01"
"chambre salon","douche, plafonne","université de ouagadougou","40000","66 92 73 75","2023-11-01"
"chambre salon","cuisine, douche, ventile, vitre","pissy","100000","","2023-11-01"
"chambre salon","carrelee, cour commune, douche interne, plafonnee, vitree","kouritenga","30000","66 92 73 75","2023-11-01"
"villa","2 chambres, cuisine, douche","cité azimo","150000","74 05 32 53","2023-11-01"
